,colnames,coefficients
0,PercentAsian,610.7412678292548
1,PercentWhite,159.79983460414493
2,PercentBlack,145.16309742596644
3,PercentNativeAmerican,172.2811531333191
4,AverageQOLScore,0.5279162057438498
5,PercentViolentCrimes,30.442246268789503
6,PercentOfPopInPrison,-615.6371938982263
