,colnames,coefficients
0,PercentBlack,-8.558296641252857
1,PercentNativeAmerican,8.383183788499021
2,AverageQOLScore,0.45384811290708443
3,PopulationDensity,0.005297151015426978
